{"backup_metadata": {"backup_id": "scheduled_incremental_1755566006572656", "backup_type": "incremental", "storage_tier": "hot", "created_at": "2025-08-18T20:13:26.572656", "status": "initiated", "file_path": "", "compressed_size": 0, "original_size": 0, "checksum": "", "analytics_count": 100, "metadata": {"scheduled": true, "platform": "Windows", "auto_created": true}, "retention_date": null}, "analytics": [{"analytics_id": "test_analytics_000000", "timestamp": "2025-08-18T20:11:31.569957", "test_name": "test_method_0", "status": "skipped", "duration": 2.693519590905956, "assertions": 15, "file_name": "test_file_0.py", "line_number": 73, "error_message": null, "metadata": {"test_suite": "suite_0", "priority": "low", "tags": ["tag_0", "tag_1"], "environment": "staging"}}, {"analytics_id": "test_analytics_000001", "timestamp": "2025-08-18T20:11:31.569957", "test_name": "test_method_1", "status": "failed", "duration": 1.9225848302794903, "assertions": 19, "file_name": "test_file_1.py", "line_number": 712, "error_message": null, "metadata": {"test_suite": "suite_1", "priority": "medium", "tags": ["tag_0", "tag_1", "tag_2", "tag_3"], "environment": "prod"}}, {"analytics_id": "test_analytics_000002", "timestamp": "2025-08-18T20:11:31.569957", "test_name": "test_method_2", "status": "passed", "duration": 9.154493546117344, "assertions": 15, "file_name": "test_file_2.py", "line_number": 94, "error_message": null, "metadata": {"test_suite": "suite_2", "priority": "low", "tags": ["tag_0", "tag_1", "tag_2", "tag_3"], "environment": "prod"}}, {"analytics_id": "test_analytics_000003", "timestamp": "2025-08-18T20:11:31.569957", "test_name": "test_method_3", "status": "skipped", "duration": 4.090445754453357, "assertions": 19, "file_name": "test_file_3.py", "line_number": 503, "error_message": null, "metadata": {"test_suite": "suite_3", "priority": "low", "tags": ["tag_0", "tag_1", "tag_2", "tag_3"], "environment": "prod"}}, {"analytics_id": "test_analytics_000004", "timestamp": "2025-08-18T20:11:31.569957", "test_name": "test_method_4", "status": "passed", "duration": 7.654155802602828, "assertions": 19, "file_name": "test_file_4.py", "line_number": 27, "error_message": null, "metadata": {"test_suite": "suite_4", "priority": "high", "tags": ["tag_0", "tag_1"], "environment": "prod"}}, {"analytics_id": "test_analytics_000005", "timestamp": "2025-08-18T20:11:31.569957", "test_name": "test_method_5", "status": "passed", "duration": 8.786252966365298, "assertions": 18, "file_name": "test_file_5.py", "line_number": 851, "error_message": null, "metadata": {"test_suite": "suite_0", "priority": "medium", "tags": ["tag_0", "tag_1"], "environment": "staging"}}, {"analytics_id": "test_analytics_000006", "timestamp": "2025-08-18T20:11:31.569957", "test_name": "test_method_6", "status": "skipped", "duration": 4.233009780951219, "assertions": 20, "file_name": "test_file_6.py", "line_number": 587, "error_message": null, "metadata": {"test_suite": "suite_1", "priority": "medium", "tags": ["tag_0"], "environment": "prod"}}, {"analytics_id": "test_analytics_000007", "timestamp": "2025-08-18T20:11:31.569957", "test_name": "test_method_7", "status": "skipped", "duration": 8.106771638791521, "assertions": 10, "file_name": "test_file_7.py", "line_number": 159, "error_message": null, "metadata": {"test_suite": "suite_2", "priority": "high", "tags": ["tag_0", "tag_1", "tag_2"], "environment": "dev"}}, {"analytics_id": "test_analytics_000008", "timestamp": "2025-08-18T20:11:31.569957", "test_name": "test_method_8", "status": "passed", "duration": 9.98694196756592, "assertions": 12, "file_name": "test_file_8.py", "line_number": 736, "error_message": null, "metadata": {"test_suite": "suite_3", "priority": "low", "tags": ["tag_0"], "environment": "staging"}}, {"analytics_id": "test_analytics_000009", "timestamp": "2025-08-18T20:11:31.569957", "test_name": "test_method_9", "status": "passed", "duration": 9.328053034804935, "assertions": 1, "file_name": "test_file_9.py", "line_number": 408, "error_message": null, "metadata": {"test_suite": "suite_4", "priority": "high", "tags": ["tag_0", "tag_1", "tag_2"], "environment": "prod"}}, {"analytics_id": "test_analytics_000010", "timestamp": "2025-08-18T20:11:31.569957", "test_name": "test_method_10", "status": "passed", "duration": 4.464606838440856, "assertions": 11, "file_name": "test_file_0.py", "line_number": 398, "error_message": null, "metadata": {"test_suite": "suite_0", "priority": "medium", "tags": ["tag_0", "tag_1"], "environment": "prod"}}, {"analytics_id": "test_analytics_000011", "timestamp": "2025-08-18T20:11:31.569957", "test_name": "test_method_11", "status": "skipped", "duration": 4.772441977872551, "assertions": 11, "file_name": "test_file_1.py", "line_number": 735, "error_message": null, "metadata": {"test_suite": "suite_1", "priority": "high", "tags": ["tag_0", "tag_1", "tag_2", "tag_3"], "environment": "dev"}}, {"analytics_id": "test_analytics_000012", "timestamp": "2025-08-18T20:11:31.569957", "test_name": "test_method_12", "status": "passed", "duration": 6.000220603779283, "assertions": 17, "file_name": "test_file_2.py", "line_number": 213, "error_message": null, "metadata": {"test_suite": "suite_2", "priority": "medium", "tags": ["tag_0"], "environment": "dev"}}, {"analytics_id": "test_analytics_000013", "timestamp": "2025-08-18T20:11:31.569957", "test_name": "test_method_13", "status": "skipped", "duration": 4.452473231894418, "assertions": 11, "file_name": "test_file_3.py", "line_number": 351, "error_message": null, "metadata": {"test_suite": "suite_3", "priority": "low", "tags": ["tag_0", "tag_1"], "environment": "staging"}}, {"analytics_id": "test_analytics_000014", "timestamp": "2025-08-18T20:11:31.569957", "test_name": "test_method_14", "status": "skipped", "duration": 5.519415554648964, "assertions": 16, "file_name": "test_file_4.py", "line_number": 658, "error_message": null, "metadata": {"test_suite": "suite_4", "priority": "low", "tags": ["tag_0", "tag_1"], "environment": "dev"}}, {"analytics_id": "test_analytics_000015", "timestamp": "2025-08-18T20:11:31.569957", "test_name": "test_method_15", "status": "failed", "duration": 2.3898428004072336, "assertions": 20, "file_name": "test_file_5.py", "line_number": 93, "error_message": null, "metadata": {"test_suite": "suite_0", "priority": "low", "tags": ["tag_0", "tag_1", "tag_2", "tag_3"], "environment": "dev"}}, {"analytics_id": "test_analytics_000016", "timestamp": "2025-08-18T20:11:31.569957", "test_name": "test_method_16", "status": "failed", "duration": 5.35186460551847, "assertions": 15, "file_name": "test_file_6.py", "line_number": 294, "error_message": null, "metadata": {"test_suite": "suite_1", "priority": "medium", "tags": ["tag_0"], "environment": "prod"}}, {"analytics_id": "test_analytics_000017", "timestamp": "2025-08-18T20:11:31.569957", "test_name": "test_method_17", "status": "failed", "duration": 8.608622496944955, "assertions": 16, "file_name": "test_file_7.py", "line_number": 709, "error_message": "Error message 17", "metadata": {"test_suite": "suite_2", "priority": "medium", "tags": ["tag_0"], "environment": "prod"}}, {"analytics_id": "test_analytics_000018", "timestamp": "2025-08-18T20:11:31.569957", "test_name": "test_method_18", "status": "skipped", "duration": 4.4645143590557135, "assertions": 11, "file_name": "test_file_8.py", "line_number": 398, "error_message": null, "metadata": {"test_suite": "suite_3", "priority": "medium", "tags": ["tag_0", "tag_1"], "environment": "dev"}}, {"analytics_id": "test_analytics_000019", "timestamp": "2025-08-18T20:11:31.569957", "test_name": "test_method_19", "status": "failed", "duration": 4.60043281351022, "assertions": 11, "file_name": "test_file_9.py", "line_number": 53, "error_message": null, "metadata": {"test_suite": "suite_4", "priority": "medium", "tags": ["tag_0", "tag_1", "tag_2"], "environment": "prod"}}, {"analytics_id": "test_analytics_000020", "timestamp": "2025-08-18T20:11:31.569957", "test_name": "test_method_20", "status": "failed", "duration": 9.741276294083098, "assertions": 3, "file_name": "test_file_0.py", "line_number": 467, "error_message": null, "metadata": {"test_suite": "suite_0", "priority": "medium", "tags": ["tag_0", "tag_1", "tag_2"], "environment": "dev"}}, {"analytics_id": "test_analytics_000021", "timestamp": "2025-08-18T20:11:31.569957", "test_name": "test_method_21", "status": "passed", "duration": 2.31852183120345, "assertions": 9, "file_name": "test_file_1.py", "line_number": 117, "error_message": null, "metadata": {"test_suite": "suite_1", "priority": "low", "tags": ["tag_0", "tag_1", "tag_2", "tag_3"], "environment": "staging"}}, {"analytics_id": "test_analytics_000022", "timestamp": "2025-08-18T20:11:31.569957", "test_name": "test_method_22", "status": "skipped", "duration": 5.551168900025065, "assertions": 5, "file_name": "test_file_2.py", "line_number": 639, "error_message": null, "metadata": {"test_suite": "suite_2", "priority": "high", "tags": ["tag_0"], "environment": "staging"}}, {"analytics_id": "test_analytics_000023", "timestamp": "2025-08-18T20:11:31.569957", "test_name": "test_method_23", "status": "passed", "duration": 8.365570591849087, "assertions": 14, "file_name": "test_file_3.py", "line_number": 807, "error_message": null, "metadata": {"test_suite": "suite_3", "priority": "high", "tags": ["tag_0"], "environment": "prod"}}, {"analytics_id": "test_analytics_000024", "timestamp": "2025-08-18T20:11:31.569957", "test_name": "test_method_24", "status": "skipped", "duration": 5.33002857765779, "assertions": 10, "file_name": "test_file_4.py", "line_number": 453, "error_message": null, "metadata": {"test_suite": "suite_4", "priority": "low", "tags": ["tag_0", "tag_1", "tag_2", "tag_3"], "environment": "prod"}}, {"analytics_id": "test_analytics_000025", "timestamp": "2025-08-18T20:11:31.569957", "test_name": "test_method_25", "status": "failed", "duration": 4.228060099637714, "assertions": 4, "file_name": "test_file_5.py", "line_number": 184, "error_message": null, "metadata": {"test_suite": "suite_0", "priority": "high", "tags": ["tag_0", "tag_1", "tag_2"], "environment": "prod"}}, {"analytics_id": "test_analytics_000026", "timestamp": "2025-08-18T20:11:31.569957", "test_name": "test_method_26", "status": "passed", "duration": 5.76718652909222, "assertions": 14, "file_name": "test_file_6.py", "line_number": 447, "error_message": null, "metadata": {"test_suite": "suite_1", "priority": "medium", "tags": ["tag_0", "tag_1", "tag_2"], "environment": "prod"}}, {"analytics_id": "test_analytics_000027", "timestamp": "2025-08-18T20:11:31.569957", "test_name": "test_method_27", "status": "skipped", "duration": 5.680076760895757, "assertions": 1, "file_name": "test_file_7.py", "line_number": 661, "error_message": null, "metadata": {"test_suite": "suite_2", "priority": "medium", "tags": ["tag_0", "tag_1", "tag_2"], "environment": "prod"}}, {"analytics_id": "test_analytics_000028", "timestamp": "2025-08-18T20:11:31.570468", "test_name": "test_method_28", "status": "failed", "duration": 6.241990005823251, "assertions": 10, "file_name": "test_file_8.py", "line_number": 555, "error_message": null, "metadata": {"test_suite": "suite_3", "priority": "medium", "tags": ["tag_0", "tag_1", "tag_2"], "environment": "dev"}}, {"analytics_id": "test_analytics_000029", "timestamp": "2025-08-18T20:11:31.570468", "test_name": "test_method_29", "status": "passed", "duration": 2.1251065466600716, "assertions": 14, "file_name": "test_file_9.py", "line_number": 451, "error_message": null, "metadata": {"test_suite": "suite_4", "priority": "medium", "tags": ["tag_0", "tag_1", "tag_2"], "environment": "dev"}}, {"analytics_id": "test_analytics_000030", "timestamp": "2025-08-18T20:11:31.570468", "test_name": "test_method_30", "status": "failed", "duration": 0.9613742939719037, "assertions": 8, "file_name": "test_file_0.py", "line_number": 647, "error_message": null, "metadata": {"test_suite": "suite_0", "priority": "low", "tags": ["tag_0", "tag_1", "tag_2"], "environment": "prod"}}, {"analytics_id": "test_analytics_000031", "timestamp": "2025-08-18T20:11:31.570468", "test_name": "test_method_31", "status": "failed", "duration": 9.479302731030051, "assertions": 6, "file_name": "test_file_1.py", "line_number": 6, "error_message": null, "metadata": {"test_suite": "suite_1", "priority": "high", "tags": ["tag_0", "tag_1"], "environment": "prod"}}, {"analytics_id": "test_analytics_000032", "timestamp": "2025-08-18T20:11:31.570468", "test_name": "test_method_32", "status": "passed", "duration": 6.4384400845796526, "assertions": 20, "file_name": "test_file_2.py", "line_number": 372, "error_message": null, "metadata": {"test_suite": "suite_2", "priority": "low", "tags": ["tag_0"], "environment": "dev"}}, {"analytics_id": "test_analytics_000033", "timestamp": "2025-08-18T20:11:31.570468", "test_name": "test_method_33", "status": "passed", "duration": 8.983969851626275, "assertions": 11, "file_name": "test_file_3.py", "line_number": 563, "error_message": null, "metadata": {"test_suite": "suite_3", "priority": "low", "tags": ["tag_0"], "environment": "prod"}}, {"analytics_id": "test_analytics_000034", "timestamp": "2025-08-18T20:11:31.570468", "test_name": "test_method_34", "status": "failed", "duration": 3.9404221324190916, "assertions": 16, "file_name": "test_file_4.py", "line_number": 629, "error_message": null, "metadata": {"test_suite": "suite_4", "priority": "low", "tags": ["tag_0", "tag_1", "tag_2"], "environment": "staging"}}, {"analytics_id": "test_analytics_000035", "timestamp": "2025-08-18T20:11:31.570468", "test_name": "test_method_35", "status": "passed", "duration": 3.983887818512867, "assertions": 12, "file_name": "test_file_5.py", "line_number": 105, "error_message": null, "metadata": {"test_suite": "suite_0", "priority": "medium", "tags": ["tag_0", "tag_1", "tag_2"], "environment": "staging"}}, {"analytics_id": "test_analytics_000036", "timestamp": "2025-08-18T20:11:31.570468", "test_name": "test_method_36", "status": "failed", "duration": 0.5906260696182157, "assertions": 10, "file_name": "test_file_6.py", "line_number": 428, "error_message": null, "metadata": {"test_suite": "suite_1", "priority": "medium", "tags": ["tag_0", "tag_1", "tag_2", "tag_3"], "environment": "dev"}}, {"analytics_id": "test_analytics_000037", "timestamp": "2025-08-18T20:11:31.570468", "test_name": "test_method_37", "status": "passed", "duration": 3.2468461825028827, "assertions": 4, "file_name": "test_file_7.py", "line_number": 958, "error_message": null, "metadata": {"test_suite": "suite_2", "priority": "medium", "tags": ["tag_0", "tag_1", "tag_2"], "environment": "dev"}}, {"analytics_id": "test_analytics_000038", "timestamp": "2025-08-18T20:11:31.570468", "test_name": "test_method_38", "status": "passed", "duration": 9.66181598489182, "assertions": 1, "file_name": "test_file_8.py", "line_number": 891, "error_message": null, "metadata": {"test_suite": "suite_3", "priority": "low", "tags": ["tag_0", "tag_1", "tag_2"], "environment": "dev"}}, {"analytics_id": "test_analytics_000039", "timestamp": "2025-08-18T20:11:31.570977", "test_name": "test_method_39", "status": "passed", "duration": 3.751935945329699, "assertions": 9, "file_name": "test_file_9.py", "line_number": 897, "error_message": null, "metadata": {"test_suite": "suite_4", "priority": "medium", "tags": ["tag_0", "tag_1", "tag_2", "tag_3"], "environment": "prod"}}, {"analytics_id": "test_analytics_000040", "timestamp": "2025-08-18T20:11:31.570977", "test_name": "test_method_40", "status": "failed", "duration": 0.5269504088375603, "assertions": 4, "file_name": "test_file_0.py", "line_number": 727, "error_message": null, "metadata": {"test_suite": "suite_0", "priority": "medium", "tags": ["tag_0", "tag_1", "tag_2"], "environment": "dev"}}, {"analytics_id": "test_analytics_000041", "timestamp": "2025-08-18T20:11:31.570977", "test_name": "test_method_41", "status": "skipped", "duration": 9.855639220206045, "assertions": 3, "file_name": "test_file_1.py", "line_number": 631, "error_message": null, "metadata": {"test_suite": "suite_1", "priority": "low", "tags": ["tag_0"], "environment": "dev"}}, {"analytics_id": "test_analytics_000042", "timestamp": "2025-08-18T20:11:31.570977", "test_name": "test_method_42", "status": "passed", "duration": 1.6311671597451496, "assertions": 20, "file_name": "test_file_2.py", "line_number": 513, "error_message": null, "metadata": {"test_suite": "suite_2", "priority": "medium", "tags": ["tag_0", "tag_1"], "environment": "staging"}}, {"analytics_id": "test_analytics_000043", "timestamp": "2025-08-18T20:11:31.570977", "test_name": "test_method_43", "status": "skipped", "duration": 8.700546822101618, "assertions": 12, "file_name": "test_file_3.py", "line_number": 904, "error_message": null, "metadata": {"test_suite": "suite_3", "priority": "low", "tags": ["tag_0"], "environment": "dev"}}, {"analytics_id": "test_analytics_000044", "timestamp": "2025-08-18T20:11:31.570977", "test_name": "test_method_44", "status": "passed", "duration": 3.7816125015670274, "assertions": 6, "file_name": "test_file_4.py", "line_number": 270, "error_message": null, "metadata": {"test_suite": "suite_4", "priority": "low", "tags": ["tag_0"], "environment": "prod"}}, {"analytics_id": "test_analytics_000045", "timestamp": "2025-08-18T20:11:31.570977", "test_name": "test_method_45", "status": "passed", "duration": 1.7554308705032793, "assertions": 16, "file_name": "test_file_5.py", "line_number": 868, "error_message": null, "metadata": {"test_suite": "suite_0", "priority": "low", "tags": ["tag_0"], "environment": "prod"}}, {"analytics_id": "test_analytics_000046", "timestamp": "2025-08-18T20:11:31.570977", "test_name": "test_method_46", "status": "skipped", "duration": 5.201360819354784, "assertions": 13, "file_name": "test_file_6.py", "line_number": 779, "error_message": null, "metadata": {"test_suite": "suite_1", "priority": "medium", "tags": ["tag_0"], "environment": "prod"}}, {"analytics_id": "test_analytics_000047", "timestamp": "2025-08-18T20:11:31.570977", "test_name": "test_method_47", "status": "skipped", "duration": 5.949488479816607, "assertions": 9, "file_name": "test_file_7.py", "line_number": 195, "error_message": null, "metadata": {"test_suite": "suite_2", "priority": "high", "tags": ["tag_0", "tag_1", "tag_2"], "environment": "dev"}}, {"analytics_id": "test_analytics_000048", "timestamp": "2025-08-18T20:11:31.570977", "test_name": "test_method_48", "status": "skipped", "duration": 2.631982315274717, "assertions": 18, "file_name": "test_file_8.py", "line_number": 4, "error_message": null, "metadata": {"test_suite": "suite_3", "priority": "high", "tags": ["tag_0"], "environment": "prod"}}, {"analytics_id": "test_analytics_000049", "timestamp": "2025-08-18T20:11:31.570977", "test_name": "test_method_49", "status": "skipped", "duration": 5.748950236027843, "assertions": 5, "file_name": "test_file_9.py", "line_number": 418, "error_message": null, "metadata": {"test_suite": "suite_4", "priority": "low", "tags": ["tag_0", "tag_1"], "environment": "prod"}}, {"analytics_id": "test_analytics_000050", "timestamp": "2025-08-18T20:11:31.570977", "test_name": "test_method_0", "status": "skipped", "duration": 1.324892230630166, "assertions": 14, "file_name": "test_file_0.py", "line_number": 469, "error_message": null, "metadata": {"test_suite": "suite_0", "priority": "high", "tags": ["tag_0", "tag_1"], "environment": "staging"}}, {"analytics_id": "test_analytics_000051", "timestamp": "2025-08-18T20:11:31.570977", "test_name": "test_method_1", "status": "skipped", "duration": 3.984531251372275, "assertions": 2, "file_name": "test_file_1.py", "line_number": 642, "error_message": "Error message 51", "metadata": {"test_suite": "suite_1", "priority": "low", "tags": ["tag_0", "tag_1"], "environment": "staging"}}, {"analytics_id": "test_analytics_000052", "timestamp": "2025-08-18T20:11:31.570977", "test_name": "test_method_2", "status": "skipped", "duration": 8.77875149768509, "assertions": 2, "file_name": "test_file_2.py", "line_number": 344, "error_message": null, "metadata": {"test_suite": "suite_2", "priority": "medium", "tags": ["tag_0", "tag_1"], "environment": "staging"}}, {"analytics_id": "test_analytics_000053", "timestamp": "2025-08-18T20:11:31.570977", "test_name": "test_method_3", "status": "failed", "duration": 7.633610912944406, "assertions": 18, "file_name": "test_file_3.py", "line_number": 967, "error_message": null, "metadata": {"test_suite": "suite_3", "priority": "high", "tags": ["tag_0"], "environment": "prod"}}, {"analytics_id": "test_analytics_000054", "timestamp": "2025-08-18T20:11:31.570977", "test_name": "test_method_4", "status": "passed", "duration": 7.618561567093445, "assertions": 2, "file_name": "test_file_4.py", "line_number": 16, "error_message": "Error message 54", "metadata": {"test_suite": "suite_4", "priority": "medium", "tags": ["tag_0"], "environment": "prod"}}, {"analytics_id": "test_analytics_000055", "timestamp": "2025-08-18T20:11:31.570977", "test_name": "test_method_5", "status": "passed", "duration": 6.229802328481398, "assertions": 7, "file_name": "test_file_5.py", "line_number": 638, "error_message": null, "metadata": {"test_suite": "suite_0", "priority": "low", "tags": ["tag_0", "tag_1"], "environment": "dev"}}, {"analytics_id": "test_analytics_000056", "timestamp": "2025-08-18T20:11:31.570977", "test_name": "test_method_6", "status": "passed", "duration": 7.659787854830741, "assertions": 10, "file_name": "test_file_6.py", "line_number": 509, "error_message": null, "metadata": {"test_suite": "suite_1", "priority": "medium", "tags": ["tag_0", "tag_1", "tag_2"], "environment": "prod"}}, {"analytics_id": "test_analytics_000057", "timestamp": "2025-08-18T20:11:31.570977", "test_name": "test_method_7", "status": "passed", "duration": 2.815720295529733, "assertions": 6, "file_name": "test_file_7.py", "line_number": 948, "error_message": null, "metadata": {"test_suite": "suite_2", "priority": "medium", "tags": ["tag_0", "tag_1", "tag_2", "tag_3"], "environment": "staging"}}, {"analytics_id": "test_analytics_000058", "timestamp": "2025-08-18T20:11:31.570977", "test_name": "test_method_8", "status": "failed", "duration": 5.8127157409144, "assertions": 1, "file_name": "test_file_8.py", "line_number": 686, "error_message": null, "metadata": {"test_suite": "suite_3", "priority": "low", "tags": ["tag_0", "tag_1", "tag_2"], "environment": "dev"}}, {"analytics_id": "test_analytics_000059", "timestamp": "2025-08-18T20:11:31.570977", "test_name": "test_method_9", "status": "passed", "duration": 5.350641685230775, "assertions": 11, "file_name": "test_file_9.py", "line_number": 245, "error_message": null, "metadata": {"test_suite": "suite_4", "priority": "low", "tags": ["tag_0", "tag_1"], "environment": "staging"}}, {"analytics_id": "test_analytics_000060", "timestamp": "2025-08-18T20:11:31.570977", "test_name": "test_method_10", "status": "passed", "duration": 6.027558789339347, "assertions": 7, "file_name": "test_file_0.py", "line_number": 963, "error_message": "Error message 60", "metadata": {"test_suite": "suite_0", "priority": "high", "tags": ["tag_0", "tag_1", "tag_2", "tag_3"], "environment": "staging"}}, {"analytics_id": "test_analytics_000061", "timestamp": "2025-08-18T20:11:31.570977", "test_name": "test_method_11", "status": "failed", "duration": 0.725294313020823, "assertions": 12, "file_name": "test_file_1.py", "line_number": 805, "error_message": null, "metadata": {"test_suite": "suite_1", "priority": "medium", "tags": ["tag_0", "tag_1", "tag_2"], "environment": "staging"}}, {"analytics_id": "test_analytics_000062", "timestamp": "2025-08-18T20:11:31.570977", "test_name": "test_method_12", "status": "failed", "duration": 3.3584518877370755, "assertions": 20, "file_name": "test_file_2.py", "line_number": 83, "error_message": null, "metadata": {"test_suite": "suite_2", "priority": "low", "tags": ["tag_0", "tag_1", "tag_2"], "environment": "dev"}}, {"analytics_id": "test_analytics_000063", "timestamp": "2025-08-18T20:11:31.570977", "test_name": "test_method_13", "status": "failed", "duration": 1.7283218983892645, "assertions": 1, "file_name": "test_file_3.py", "line_number": 955, "error_message": null, "metadata": {"test_suite": "suite_3", "priority": "medium", "tags": ["tag_0"], "environment": "staging"}}, {"analytics_id": "test_analytics_000064", "timestamp": "2025-08-18T20:11:31.570977", "test_name": "test_method_14", "status": "passed", "duration": 2.5587904216137476, "assertions": 15, "file_name": "test_file_4.py", "line_number": 188, "error_message": null, "metadata": {"test_suite": "suite_4", "priority": "medium", "tags": ["tag_0"], "environment": "staging"}}, {"analytics_id": "test_analytics_000065", "timestamp": "2025-08-18T20:11:31.570977", "test_name": "test_method_15", "status": "passed", "duration": 7.058066567386046, "assertions": 18, "file_name": "test_file_5.py", "line_number": 295, "error_message": null, "metadata": {"test_suite": "suite_0", "priority": "medium", "tags": ["tag_0", "tag_1"], "environment": "prod"}}, {"analytics_id": "test_analytics_000066", "timestamp": "2025-08-18T20:11:31.570977", "test_name": "test_method_16", "status": "passed", "duration": 3.3593332281386474, "assertions": 14, "file_name": "test_file_6.py", "line_number": 806, "error_message": null, "metadata": {"test_suite": "suite_1", "priority": "high", "tags": ["tag_0"], "environment": "staging"}}, {"analytics_id": "test_analytics_000067", "timestamp": "2025-08-18T20:11:31.570977", "test_name": "test_method_17", "status": "failed", "duration": 9.854081217029615, "assertions": 13, "file_name": "test_file_7.py", "line_number": 970, "error_message": null, "metadata": {"test_suite": "suite_2", "priority": "low", "tags": ["tag_0", "tag_1"], "environment": "staging"}}, {"analytics_id": "test_analytics_000068", "timestamp": "2025-08-18T20:11:31.570977", "test_name": "test_method_18", "status": "skipped", "duration": 2.66258068509058, "assertions": 7, "file_name": "test_file_8.py", "line_number": 832, "error_message": null, "metadata": {"test_suite": "suite_3", "priority": "high", "tags": ["tag_0"], "environment": "staging"}}, {"analytics_id": "test_analytics_000069", "timestamp": "2025-08-18T20:11:31.570977", "test_name": "test_method_19", "status": "skipped", "duration": 1.8118974749467434, "assertions": 4, "file_name": "test_file_9.py", "line_number": 524, "error_message": null, "metadata": {"test_suite": "suite_4", "priority": "low", "tags": ["tag_0", "tag_1", "tag_2", "tag_3"], "environment": "staging"}}, {"analytics_id": "test_analytics_000070", "timestamp": "2025-08-18T20:11:31.570977", "test_name": "test_method_20", "status": "failed", "duration": 2.7850455519846524, "assertions": 10, "file_name": "test_file_0.py", "line_number": 941, "error_message": "Error message 70", "metadata": {"test_suite": "suite_0", "priority": "low", "tags": ["tag_0"], "environment": "prod"}}, {"analytics_id": "test_analytics_000071", "timestamp": "2025-08-18T20:11:31.570977", "test_name": "test_method_21", "status": "skipped", "duration": 4.3973627317993484, "assertions": 10, "file_name": "test_file_1.py", "line_number": 584, "error_message": null, "metadata": {"test_suite": "suite_1", "priority": "medium", "tags": ["tag_0", "tag_1"], "environment": "prod"}}, {"analytics_id": "test_analytics_000072", "timestamp": "2025-08-18T20:11:31.570977", "test_name": "test_method_22", "status": "failed", "duration": 5.656860276399005, "assertions": 14, "file_name": "test_file_2.py", "line_number": 279, "error_message": "Error message 72", "metadata": {"test_suite": "suite_2", "priority": "high", "tags": ["tag_0", "tag_1", "tag_2"], "environment": "staging"}}, {"analytics_id": "test_analytics_000073", "timestamp": "2025-08-18T20:11:31.570977", "test_name": "test_method_23", "status": "passed", "duration": 6.96098771380843, "assertions": 15, "file_name": "test_file_3.py", "line_number": 111, "error_message": null, "metadata": {"test_suite": "suite_3", "priority": "medium", "tags": ["tag_0", "tag_1"], "environment": "staging"}}, {"analytics_id": "test_analytics_000074", "timestamp": "2025-08-18T20:11:31.570977", "test_name": "test_method_24", "status": "passed", "duration": 6.872316520938577, "assertions": 18, "file_name": "test_file_4.py", "line_number": 694, "error_message": "Error message 74", "metadata": {"test_suite": "suite_4", "priority": "medium", "tags": ["tag_0", "tag_1"], "environment": "dev"}}, {"analytics_id": "test_analytics_000075", "timestamp": "2025-08-18T20:11:31.570977", "test_name": "test_method_25", "status": "failed", "duration": 6.308417320825773, "assertions": 7, "file_name": "test_file_5.py", "line_number": 744, "error_message": null, "metadata": {"test_suite": "suite_0", "priority": "high", "tags": ["tag_0", "tag_1", "tag_2", "tag_3"], "environment": "staging"}}, {"analytics_id": "test_analytics_000076", "timestamp": "2025-08-18T20:11:31.570977", "test_name": "test_method_26", "status": "skipped", "duration": 0.7744206078755165, "assertions": 11, "file_name": "test_file_6.py", "line_number": 71, "error_message": null, "metadata": {"test_suite": "suite_1", "priority": "low", "tags": ["tag_0"], "environment": "staging"}}, {"analytics_id": "test_analytics_000077", "timestamp": "2025-08-18T20:11:31.570977", "test_name": "test_method_27", "status": "passed", "duration": 4.121681995593276, "assertions": 9, "file_name": "test_file_7.py", "line_number": 339, "error_message": null, "metadata": {"test_suite": "suite_2", "priority": "medium", "tags": ["tag_0"], "environment": "dev"}}, {"analytics_id": "test_analytics_000078", "timestamp": "2025-08-18T20:11:31.570977", "test_name": "test_method_28", "status": "passed", "duration": 2.691409852311554, "assertions": 5, "file_name": "test_file_8.py", "line_number": 475, "error_message": null, "metadata": {"test_suite": "suite_3", "priority": "low", "tags": ["tag_0", "tag_1", "tag_2"], "environment": "prod"}}, {"analytics_id": "test_analytics_000079", "timestamp": "2025-08-18T20:11:31.570977", "test_name": "test_method_29", "status": "failed", "duration": 9.891622773929003, "assertions": 3, "file_name": "test_file_9.py", "line_number": 361, "error_message": null, "metadata": {"test_suite": "suite_4", "priority": "high", "tags": ["tag_0", "tag_1", "tag_2"], "environment": "staging"}}, {"analytics_id": "test_analytics_000080", "timestamp": "2025-08-18T20:11:31.570977", "test_name": "test_method_30", "status": "skipped", "duration": 9.414391578651598, "assertions": 3, "file_name": "test_file_0.py", "line_number": 659, "error_message": null, "metadata": {"test_suite": "suite_0", "priority": "high", "tags": ["tag_0", "tag_1", "tag_2", "tag_3"], "environment": "dev"}}, {"analytics_id": "test_analytics_000081", "timestamp": "2025-08-18T20:11:31.570977", "test_name": "test_method_31", "status": "skipped", "duration": 8.113914776306155, "assertions": 9, "file_name": "test_file_1.py", "line_number": 3, "error_message": "Error message 81", "metadata": {"test_suite": "suite_1", "priority": "low", "tags": ["tag_0", "tag_1"], "environment": "staging"}}, {"analytics_id": "test_analytics_000082", "timestamp": "2025-08-18T20:11:31.570977", "test_name": "test_method_32", "status": "skipped", "duration": 5.055277848791888, "assertions": 3, "file_name": "test_file_2.py", "line_number": 22, "error_message": null, "metadata": {"test_suite": "suite_2", "priority": "low", "tags": ["tag_0", "tag_1"], "environment": "dev"}}, {"analytics_id": "test_analytics_000083", "timestamp": "2025-08-18T20:11:31.570977", "test_name": "test_method_33", "status": "failed", "duration": 2.8422179083157513, "assertions": 18, "file_name": "test_file_3.py", "line_number": 509, "error_message": null, "metadata": {"test_suite": "suite_3", "priority": "low", "tags": ["tag_0", "tag_1", "tag_2", "tag_3"], "environment": "dev"}}, {"analytics_id": "test_analytics_000084", "timestamp": "2025-08-18T20:11:31.570977", "test_name": "test_method_34", "status": "skipped", "duration": 7.778665826446851, "assertions": 8, "file_name": "test_file_4.py", "line_number": 32, "error_message": null, "metadata": {"test_suite": "suite_4", "priority": "low", "tags": ["tag_0", "tag_1", "tag_2", "tag_3"], "environment": "prod"}}, {"analytics_id": "test_analytics_000085", "timestamp": "2025-08-18T20:11:31.570977", "test_name": "test_method_35", "status": "skipped", "duration": 8.174737279373321, "assertions": 15, "file_name": "test_file_5.py", "line_number": 465, "error_message": null, "metadata": {"test_suite": "suite_0", "priority": "high", "tags": ["tag_0", "tag_1", "tag_2", "tag_3"], "environment": "staging"}}, {"analytics_id": "test_analytics_000086", "timestamp": "2025-08-18T20:11:31.570977", "test_name": "test_method_36", "status": "passed", "duration": 8.068233965024834, "assertions": 17, "file_name": "test_file_6.py", "line_number": 901, "error_message": "Error message 86", "metadata": {"test_suite": "suite_1", "priority": "high", "tags": ["tag_0", "tag_1", "tag_2"], "environment": "prod"}}, {"analytics_id": "test_analytics_000087", "timestamp": "2025-08-18T20:11:31.570977", "test_name": "test_method_37", "status": "failed", "duration": 7.560496955374659, "assertions": 19, "file_name": "test_file_7.py", "line_number": 413, "error_message": null, "metadata": {"test_suite": "suite_2", "priority": "low", "tags": ["tag_0", "tag_1", "tag_2"], "environment": "staging"}}, {"analytics_id": "test_analytics_000088", "timestamp": "2025-08-18T20:11:31.570977", "test_name": "test_method_38", "status": "skipped", "duration": 4.8056793749600635, "assertions": 15, "file_name": "test_file_8.py", "line_number": 99, "error_message": null, "metadata": {"test_suite": "suite_3", "priority": "medium", "tags": ["tag_0", "tag_1"], "environment": "dev"}}, {"analytics_id": "test_analytics_000089", "timestamp": "2025-08-18T20:11:31.570977", "test_name": "test_method_39", "status": "skipped", "duration": 6.951409828147095, "assertions": 4, "file_name": "test_file_9.py", "line_number": 745, "error_message": null, "metadata": {"test_suite": "suite_4", "priority": "medium", "tags": ["tag_0", "tag_1", "tag_2", "tag_3"], "environment": "dev"}}, {"analytics_id": "test_analytics_000090", "timestamp": "2025-08-18T20:11:31.570977", "test_name": "test_method_40", "status": "skipped", "duration": 3.6819885731993294, "assertions": 15, "file_name": "test_file_0.py", "line_number": 908, "error_message": null, "metadata": {"test_suite": "suite_0", "priority": "high", "tags": ["tag_0"], "environment": "dev"}}, {"analytics_id": "test_analytics_000091", "timestamp": "2025-08-18T20:11:31.570977", "test_name": "test_method_41", "status": "passed", "duration": 9.332282414825908, "assertions": 12, "file_name": "test_file_1.py", "line_number": 770, "error_message": null, "metadata": {"test_suite": "suite_1", "priority": "medium", "tags": ["tag_0", "tag_1", "tag_2"], "environment": "staging"}}, {"analytics_id": "test_analytics_000092", "timestamp": "2025-08-18T20:11:31.570977", "test_name": "test_method_42", "status": "failed", "duration": 0.37294568418417184, "assertions": 20, "file_name": "test_file_2.py", "line_number": 40, "error_message": null, "metadata": {"test_suite": "suite_2", "priority": "medium", "tags": ["tag_0", "tag_1", "tag_2", "tag_3"], "environment": "staging"}}, {"analytics_id": "test_analytics_000093", "timestamp": "2025-08-18T20:11:31.570977", "test_name": "test_method_43", "status": "skipped", "duration": 7.855673931832905, "assertions": 2, "file_name": "test_file_3.py", "line_number": 925, "error_message": null, "metadata": {"test_suite": "suite_3", "priority": "high", "tags": ["tag_0", "tag_1", "tag_2"], "environment": "dev"}}, {"analytics_id": "test_analytics_000094", "timestamp": "2025-08-18T20:11:31.570977", "test_name": "test_method_44", "status": "passed", "duration": 9.552690668129191, "assertions": 7, "file_name": "test_file_4.py", "line_number": 176, "error_message": "Error message 94", "metadata": {"test_suite": "suite_4", "priority": "low", "tags": ["tag_0"], "environment": "prod"}}, {"analytics_id": "test_analytics_000095", "timestamp": "2025-08-18T20:11:31.570977", "test_name": "test_method_45", "status": "skipped", "duration": 7.187882867947715, "assertions": 9, "file_name": "test_file_5.py", "line_number": 743, "error_message": null, "metadata": {"test_suite": "suite_0", "priority": "low", "tags": ["tag_0", "tag_1", "tag_2"], "environment": "dev"}}, {"analytics_id": "test_analytics_000096", "timestamp": "2025-08-18T20:11:31.570977", "test_name": "test_method_46", "status": "passed", "duration": 4.466045680768687, "assertions": 4, "file_name": "test_file_6.py", "line_number": 541, "error_message": "Error message 96", "metadata": {"test_suite": "suite_1", "priority": "low", "tags": ["tag_0", "tag_1", "tag_2"], "environment": "dev"}}, {"analytics_id": "test_analytics_000097", "timestamp": "2025-08-18T20:11:31.570977", "test_name": "test_method_47", "status": "passed", "duration": 7.232677047221675, "assertions": 14, "file_name": "test_file_7.py", "line_number": 623, "error_message": null, "metadata": {"test_suite": "suite_2", "priority": "medium", "tags": ["tag_0", "tag_1", "tag_2", "tag_3"], "environment": "staging"}}, {"analytics_id": "test_analytics_000098", "timestamp": "2025-08-18T20:11:31.570977", "test_name": "test_method_48", "status": "failed", "duration": 7.465695612814663, "assertions": 16, "file_name": "test_file_8.py", "line_number": 70, "error_message": null, "metadata": {"test_suite": "suite_3", "priority": "low", "tags": ["tag_0"], "environment": "prod"}}, {"analytics_id": "test_analytics_000099", "timestamp": "2025-08-18T20:11:31.570977", "test_name": "test_method_49", "status": "failed", "duration": 5.965978073413411, "assertions": 20, "file_name": "test_file_9.py", "line_number": 70, "error_message": null, "metadata": {"test_suite": "suite_4", "priority": "high", "tags": ["tag_0", "tag_1"], "environment": "staging"}}], "system_info": {"platform": "Windows", "python_version": "3.11.9", "backup_version": "1.0", "timestamp": "2025-08-18T20:13:26.572656"}}